Product ID,Product,Category,Unit Price
P-L0Cbww0n-2024,QuantumX Pro Gaming Mouse,Electronics,49.99
P-TaxoaZ3S-2024,AeroTech HD Noise-Canceling Headphones,Audio,129.99
P-CJsCmBZZ-2024,BioFit X1 Ergonomic Office Chair,Furniture,199.99
P-fccDNkM5-2024,SolarGlow Smart LED Garden Lights,Home and Garden,39.99
P-cFrFchM4-2024,SwiftSync Wireless Charging Pad,Electronics,29.99
P-6BtE3vZI-2024,GourmetChef 10-Piece Stainless Steel Cookware Set,Kitchen,149.99
P-DNsZj5L2-2024,EcoBlend Bamboo Fiber Bed Sheets,Bedding,54.99
P-MlvWIFCT-2024,FlexFit XT Fitness Tracker,Fitness,79.99
P-QYuJArtc-2024,LuminaCraft HD Projector,Electronics,199.99
P-BQpMxjrX-2024,FreshWave Air Purifier,Home and Living,89.99
P-STJRGiYH-2024,SnugSleep Memory Foam Pillow,Bedding,29.99
P-Knt6nG9W-2024,HydroCraze Insulated Water Bottle,Fitness,19.99
P-fyNl9FIT-2024,ChefMaster Deluxe Knife Set,Kitchen,69.99
P-fhBynCCX-2024,NeoTech HD Webcam,Electronics,59.99
P-8S3PkE5b-2024,ZenZen Meditation Cushion,Wellness,34.99
P-eUXmY3Vd-2024,SolarBrite Outdoor Solar String Lights,Home and Garden,24.99
P-orCuJS0N-2024,TrueTone Wireless Earbuds,Audio,89.99
P-SmajbVJ2-2024,BioFresh Salad Spinner,Kitchen,19.99
P-E708EeJY-2024,ErgoLift Adjustable Laptop Stand,Office,39.99
P-x5wVmg8P-2024,AquaFlow 3-Layer Water Filter Pitcher,Home and Living,29.99
P-HM7cNKFw-2024,PowerPulse Rapid Phone Charger,Electronics,19.99
P-YuD9xaoT-2024,LuxeLiving Velvet Throw Blanket,Bedding,44.99
P-z18t7WAu-2024,FlexForm Yoga Mat,Fitness,24.99
P-QTM3uoBo-2024,SereneSpace Aromatherapy Diffuser,Wellness,39.99
P-ZHToueVS-2024,SolarSense Outdoor Security Camera,Home and Living,129.99
P-dyetCGsz-2024,EliteGamer Pro Gaming Keyboard,Electronics,79.99
P-7tHbGHzq-2024,HarmonicBeats Wireless Bluetooth Speaker,Audio,69.99
P-w5BqmBGq-2024,ChefCraft Stainless Steel Mixing Bowls,Kitchen,29.99
P-D3QE38Vf-2024,RelaxRight Memory Foam Mattress Topper,Bedding,79.99
P-iokNYHSr-2024,AirFit Pro Resistance Bands Set,Fitness,34.99
P-uiKrq7cT-2024,TranquilZen Meditation Chair,Wellness,149.99
P-F3U69Ngi-2024,GardenGlo LED Solar Garden Stake Lights,Home and Garden,19.99
P-d8No3SsP-2024,PureTune Noise-Canceling Earplugs,Travel,14.99
P-pucGQTNx-2024,SmartBrew Coffee Maker,Kitchen,49.99
P-Uqc6bSG5-2024,ProFlex Standing Desk Converter,Office,149.99
P-t3m3hnGn-2024,CozyDreams Microfiber Pillowcases,Bedding,19.99
P-MvU7MTMY-2024,CardioMax Fitness Treadmill,Fitness,499.99
P-HOLXAztY-2024,ZenSoothe Essential Oil Set,Wellness,29.99
P-RQAzCEMm-2024,SolarHarmony Outdoor Solar Fountain,Home and Garden,69.99
P-OKwCF1dv-2024,iFocus Blue Light Blocking Glasses,Eyewear,24.99
P-iS25ZoOr-2024,SonicScape 360 Virtual Reality Headset,Electronics,199.99
P-PEiXjSgb-2024,HarmonySound Wireless Surround Sound System,Audio,249.99
P-7V2y24rL-2024,PrecisionChef Digital Food Scale,Kitchen,34.99
P-1R1hiOMx-2024,VelvetNest Luxe Bedspread,Bedding,69.99
P-6Zuwe8BC-2024,PowerPulse Pro Power Bank,Electronics,49.99
P-FUSUlAzN-2024,ProForma Fitness Resistance Loop Bands,Fitness,14.99
P-WJu3k4sn-2024,SerenitySpa Ultrasonic Aromatherapy Diffuser,Wellness,44.99
P-80WwMh84-2024,GreenGlow LED Grow Lights,Home and Garden,89.99
P-MYtsJeKz-2024,SleepWell Orthopedic Pillow,Bedding,39.99
P-xJ2TWZeP-2024,AirFlex Pro Resistance Bands,Fitness,29.99
P-rShoV2ku-2024,TranquilNest Meditation Blanket,Wellness,54.99
P-KmO5DPz6-2024,SolarScape Outdoor Solar Pathway Lights,Home and Garden,24.99
P-Fby87VPw-2024,TrueTunes Wireless Noise-Canceling Earphones,Audio,109.99
P-A2IIchCX-2024,EpicChef Professional Knife Set,Kitchen,89.99
P-HjcDX8Z8-2024,CozyCloud Memory Foam Mattress,Bedding,249.99
P-hmEh9Z4t-2024,ZenVibe Massage Pillow,Wellness,49.99
P-HGM7iZ4s-2024,SolarSense Pro Outdoor Security System,Home and Living,199.99
P-ZEMcwpFl-2024,QuantumGlow RGB Gaming Mouse,Electronics,59.99
P-TaxzJp3h-2024,HarmonicWave Bluetooth Shower Speaker,Audio,34.99
P-BohPII0T-2024,ChefSelect Non-Stick Cookware Set,Kitchen,79.99
P-hBSq5cYw-2024,CloudRest Hypoallergenic Pillows,Bedding,49.99
P-5VIGl0Ag-2024,FlexFit Elite Fitness Tracker,Fitness,99.99
P-wzHgX2Xi-2024,TranquilTrance Meditation Music Player,Wellness,69.99
P-B4fQRbnp-2024,SolarBloom Solar-Powered Garden Decor,Home and Garden,39.99
P-GXm4CBVv-2024,SightGuard Blue Light Blocking Glasses,Eyewear,29.99
P-vnFos3yD-2024,OmniSync Virtual Reality Gaming System,Electronics,299.99
P-0G4tVkux-2024,HarmonyBeat Wireless Noise-Canceling Headphones,Audio,159.99
