Product ID,Product,Category,Unit Price,Units in Stock,Units Ordered
P-L0Cbww0n-2024,QuantumX Pro Gaming Mouse,Electronics,$49.99,128,11
P-TaxoaZ3S-2024,AeroTech HD Noise-Canceling Headphones,Audio,$129.99,173,22
P-CJsCmBZZ-2024,BioFit X1 Ergonomic Office Chair,Furniture,$199.99,158,0
P-fccDNkM5-2024,SolarGlow Smart LED Garden Lights,Home and Garden,$39.99,245,6
P-cFrFchM4-2024,SwiftSync Wireless Charging Pad,Electronics,$29.99,244,24
P-6BtE3vZI-2024,GourmetChef 10-Piece Stainless Steel Cookware Set,Kitchen,$149.99,218,7
P-DNsZj5L2-2024,EcoBlend Bamboo Fiber Bed Sheets,Bedding,$54.99,65,1
P-MlvWIFCT-2024,FlexFit XT Fitness Tracker,Fitness,$79.99,224,3
P-QYuJArtc-2024,LuminaCraft HD Projector,Electronics,$199.99,207,18
P-BQpMxjrX-2024,FreshWave Air Purifier,Home and Living,$89.99,222,19
P-STJRGiYH-2024,SnugSleep Memory Foam Pillow,Bedding,$29.99,184,20
P-Knt6nG9W-2024,HydroCraze Insulated Water Bottle,Fitness,$19.99,249,20
P-fyNl9FIT-2024,ChefMaster Deluxe Knife Set,Kitchen,$69.99,221,6
P-fhBynCCX-2024,NeoTech HD Webcam,Electronics,$59.99,218,14
P-8S3PkE5b-2024,ZenZen Meditation Cushion,Wellness,$34.99,137,8
P-eUXmY3Vd-2024,SolarBrite Outdoor Solar String Lights,Home and Garden,$24.99,119,15
P-orCuJS0N-2024,TrueTone Wireless Earbuds,Audio,$89.99,212,24
P-SmajbVJ2-2024,BioFresh Salad Spinner,Kitchen,$19.99,245,7
P-E708EeJY-2024,ErgoLift Adjustable Laptop Stand,Office,$39.99,6,5
P-x5wVmg8P-2024,AquaFlow 3-Layer Water Filter Pitcher,Home and Living,$29.99,172,3
P-HM7cNKFw-2024,PowerPulse Rapid Phone Charger,Electronics,$19.99,57,3
P-YuD9xaoT-2024,LuxeLiving Velvet Throw Blanket,Bedding,$44.99,139,19
P-z18t7WAu-2024,FlexForm Yoga Mat,Fitness,$24.99,203,9
P-QTM3uoBo-2024,SereneSpace Aromatherapy Diffuser,Wellness,$39.99,154,10
P-ZHToueVS-2024,SolarSense Outdoor Security Camera,Home and Living,$129.99,78,19
P-dyetCGsz-2024,EliteGamer Pro Gaming Keyboard,Electronics,$79.99,95,9
P-7tHbGHzq-2024,HarmonicBeats Wireless Bluetooth Speaker,Audio,$69.99,160,4
P-w5BqmBGq-2024,ChefCraft Stainless Steel Mixing Bowls,Kitchen,$29.99,14,1
P-D3QE38Vf-2024,RelaxRight Memory Foam Mattress Topper,Bedding,$79.99,47,0
P-iokNYHSr-2024,AirFit Pro Resistance Bands Set,Fitness,$34.99,209,13
P-uiKrq7cT-2024,TranquilZen Meditation Chair,Wellness,$149.99,15,16
P-F3U69Ngi-2024,GardenGlo LED Solar Garden Stake Lights,Home and Garden,$19.99,204,12
P-d8No3SsP-2024,PureTune Noise-Canceling Earplugs,Travel,$14.99,150,20
P-pucGQTNx-2024,SmartBrew Coffee Maker,Kitchen,$49.99,218,19
P-Uqc6bSG5-2024,ProFlex Standing Desk Converter,Office,$149.99,7,13
P-t3m3hnGn-2024,CozyDreams Microfiber Pillowcases,Bedding,$19.99,185,10
P-MvU7MTMY-2024,CardioMax Fitness Treadmill,Fitness,$499.99,50,22
P-HOLXAztY-2024,ZenSoothe Essential Oil Set,Wellness,$29.99,60,2
P-RQAzCEMm-2024,SolarHarmony Outdoor Solar Fountain,Home and Garden,$69.99,230,7
P-OKwCF1dv-2024,iFocus Blue Light Blocking Glasses,Eyewear,$24.99,53,19
P-iS25ZoOr-2024,SonicScape 360 Virtual Reality Headset,Electronics,$199.99,43,0
P-PEiXjSgb-2024,HarmonySound Wireless Surround Sound System,Audio,$249.99,21,0
P-7V2y24rL-2024,PrecisionChef Digital Food Scale,Kitchen,$34.99,22,1
P-1R1hiOMx-2024,VelvetNest Luxe Bedspread,Bedding,$69.99,58,23
P-6Zuwe8BC-2024,PowerPulse Pro Power Bank,Electronics,$49.99,54,21
P-FUSUlAzN-2024,ProForma Fitness Resistance Loop Bands,Fitness,$14.99,6,13
P-WJu3k4sn-2024,SerenitySpa Ultrasonic Aromatherapy Diffuser,Wellness,$44.99,156,16
P-80WwMh84-2024,GreenGlow LED Grow Lights,Home and Garden,$89.99,199,14
P-MYtsJeKz-2024,SleepWell Orthopedic Pillow,Bedding,$39.99,132,13
P-xJ2TWZeP-2024,AirFlex Pro Resistance Bands,Fitness,$29.99,246,19
P-rShoV2ku-2024,TranquilNest Meditation Blanket,Wellness,$54.99,165,4
P-KmO5DPz6-2024,SolarScape Outdoor Solar Pathway Lights,Home and Garden,$24.99,84,7
P-Fby87VPw-2024,TrueTunes Wireless Noise-Canceling Earphones,Audio,$109.99,181,21
P-A2IIchCX-2024,EpicChef Professional Knife Set,Kitchen,$89.99,245,5
P-HjcDX8Z8-2024,CozyCloud Memory Foam Mattress,Bedding,$249.99,137,8
P-hmEh9Z4t-2024,ZenVibe Massage Pillow,Wellness,$49.99,200,23
P-HGM7iZ4s-2024,SolarSense Pro Outdoor Security System,Home and Living,$199.99,222,18
P-ZEMcwpFl-2024,QuantumGlow RGB Gaming Mouse,Electronics,$59.99,170,23
P-TaxzJp3h-2024,HarmonicWave Bluetooth Shower Speaker,Audio,$34.99,157,23
P-BohPII0T-2024,ChefSelect Non-Stick Cookware Set,Kitchen,$79.99,18,23
P-hBSq5cYw-2024,CloudRest Hypoallergenic Pillows,Bedding,$49.99,140,22
P-5VIGl0Ag-2024,FlexFit Elite Fitness Tracker,Fitness,$99.99,199,19
P-wzHgX2Xi-2024,TranquilTrance Meditation Music Player,Wellness,$69.99,243,11
P-B4fQRbnp-2024,SolarBloom Solar-Powered Garden Decor,Home and Garden,$39.99,65,7
P-GXm4CBVv-2024,SightGuard Blue Light Blocking Glasses,Eyewear,$29.99,150,5
P-vnFos3yD-2024,OmniSync Virtual Reality Gaming System,Electronics,$299.99,164,18
P-0G4tVkux-2024,HarmonyBeat Wireless Noise-Canceling Headphones,Audio,$159.99,67,6
